"","player","season","session","position","GP","SR"
"1","5EBASTIAN.AHO","20172018","R","D",22,0.424735940960784
"2","AARON.DELL","20172018","R","G",29,6.17848194106561
"3","AARON.EKBLAD","20172018","R","D",82,3.61902512770367
"4","AARON.NESS","20172018","R","D",8,0.00392636685404074
"5","ADAM.CLENDENING","20172018","R","D",5,0.000923157075293833
"6","ADAM.CRACKNELL","20172018","R","R",5,0.00432243985863445
"7","ADAM.ERNE","20172018","R","L",23,0.592363116463192
"8","ADAM.GAUDETTE","20172018","R","C",4,0.002140988348482
"9","ADAM.HENRIQUE","20172018","R","C",81,7.35643425942485
"10","ADAM.LARSSON","20172018","R","D",63,1.20029075847084
"11","ADAM.LOWRY","20172018","R","L",44,2.40055176177062
"12","ADAM.MCQUAID","20172018","R","D",38,0.313007576306439
"13","ADAM.PELECH","20172018","R","D",78,1.36317184071392
"14","ADAM.WILCOX","20172018","R","G",1,0.0548059663345339
"15","ADIN.HILL","20172018","R","G",4,0.410788545318427
"16","ADRIAN.KEMPE","20172018","R","L",81,3.44228604559445
"17","A.J..GREER","20172018","R","L",17,0.0100301600302642
"18","ALAN.QUINE","20172018","R","C",21,0.0193152171137132
"19","ALEC.MARTINEZ","20172018","R","D",77,2.94073163359362
"20","ALEKSANDER.BARKOV","20172018","R","C",79,10.5811450781836
"21","ALES.HEMSKY","20172018","R","R",7,0.000572312390075501
"22","ALEXANDAR.GEORGIEV","20172018","R","G",10,1.95665717961698
"23","ALEX.BIEGA","20172018","R","D",42,0.397648930080183
"24","ALEX.BROADHURST","20172018","R","C",2,0.000535939717657072
"25","ALEX.BURMISTROV","20172018","R","C",23,0.443101063260966
"26","ALEX.BURROWS","20172018","R","L",71,0.792861162755003
"27","ALEX.CHIASSON","20172018","R","R",61,2.00384854894736
"28","ALEX.DEBRINCAT","20172018","R","R",81,6.32168354132883
"29","ALEX.EDLER","20172018","R","D",69,3.14476523966992
"30","ALEXEI.EMELIN","20172018","R","D",76,0.414190109554821
"31","ALEX.FORMENTON","20172018","R","L",1,7.96862504564899e-05
"32","ALEX.GALCHENYUK","20172018","R","C",82,4.34209660966508
"33","ALEX.GOLIGOSKI","20172018","R","D",76,3.43406683382616
"34","ALEX.IAFALLO","20172018","R","C",75,1.75207386749509
"35","ALEX.KERFOOT","20172018","R","C",79,3.65186756631847
"36","ALEX.KILLORN","20172018","R","C",82,4.48487676154781
"37","ALEX.LYON","20172018","R","G",11,0.937968735451632
"38","ALEX.NYLANDER","20172018","R","L",3,0.00118908280434724
"39","ALEX.OVECHKIN","20172018","R","L",82,17.1675891641163
"40","ALEX.PETROVIC","20172018","R","D",67,0.54464212617442
"41","ALEX.PIETRANGELO","20172018","R","D",78,7.37734766671416
"42","ALEX.RADULOV","20172018","R","R",82,9.29061593460897
"43","ALEX.STALOCK","20172018","R","G",28,4.86651364118901
"44","ALEX.STEEN","20172018","R","L",76,4.41354069622738
"45","ALEX.TUCH","20172018","R","R",77,4.82744139807883
"46","ALEX.WENNBERG","20172018","R","C",66,3.03017003020783
"47","AL.MONTOYA","20172018","R","G",13,1.08906341473216
"48","ANDERS.BJORK","20172018","R","L",29,0.974322520505164
"49","ANDERS.LEE","20172018","R","C",82,7.3349705163535
"50","ANDERS.NILSSON","20172018","R","G",27,4.64019205572315
"51","ANDREAS.ATHANASIOU","20172018","R","C",70,5.25178446856907
"52","ANDREAS.BORGMAN","20172018","R","D",47,0.102012900500772
"53","ANDREAS.ENGLUND","20172018","R","D",1,2.56119750813899e-05
"54","ANDREAS.JOHNSSON","20172018","R","L",9,0.388237838042177
"55","ANDREAS.MARTINSEN","20172018","R","L",8,0.113528175243452
"56","ANDRE.BURAKOVSKY","20172018","R","L",56,2.5756155551967
"57","ANDREI.MIRONOV","20172018","R","D",10,0.00857299804421369
"58","ANDREI.VASILEVSKIY","20172018","R","G",65,18.4145805958263
"59","ANDREJ.SEKERA","20172018","R","D",36,0.0577360605440113
"60","ANDREJ.SUSTR","20172018","R","D",44,0.192932989879615
"61","ANDREW.COGLIANO","20172018","R","C",80,2.60485307861705
"62","ANDREW.COPP","20172018","R","C",81,1.77180725179587
"63","ANDREW.CRESCENZI","20172018","R","C",2,0.000613570462087694
"64","ANDREW.HAMMOND","20172018","R","G",2,0.439161076979477
"65","ANDREW.LADD","20172018","R","L",73,2.45086858601504
"66","ANDREW.MACDONALD","20172018","R","D",66,1.55260602611823
"67","ANDREW.MANGIAPANE","20172018","R","L",10,0.00142591466944756
"68","ANDREW.SHAW","20172018","R","C",51,1.8589405454449
"69","ANDY.ANDREOFF","20172018","R","C",45,0.646789335655471
"70","ANDY.GREENE","20172018","R","D",81,0.616449330035417
"71","ANDY.WELINSKI","20172018","R","D",7,0.033464927758699
"72","ANTHONY.BEAUVILLIER","20172018","R","L",71,3.54771455933068
"73","ANTHONY.BITETTO","20172018","R","D",32,0.22713419154166
"74","ANTHONY.CIRELLI","20172018","R","C",18,1.8154193104332
"75","ANTHONY.DUCLAIR","20172018","R","L",55,2.06787782303358
"76","ANTHONY.MANTHA","20172018","R","R",79,4.1887089723897
"77","ANTHONY.PELUSO","20172018","R","R",2,2.46179268572133e-05
"78","ANTOINE.ROUSSEL","20172018","R","L",73,1.44969421779055
"79","ANTOINE.VERMETTE","20172018","R","C",64,2.25630380163942
"80","ANTON.BLIDH","20172018","R","L",1,2.61055660734577e-05
"81","ANTON.FORSBERG","20172018","R","G",35,4.85555865969556
"82","ANTON.KHUDOBIN","20172018","R","G",30,5.66572124190008
"83","ANTON.LINDHOLM","20172018","R","D",48,0.0395782439140509
"84","ANTON.SLEPYSHEV","20172018","R","L",50,0.314028391296431
"85","ANTON.STRALMAN","20172018","R","D",80,1.21298287410883
"86","ANTTI.NIEMI","20172018","R","G",24,5.36610425526878
"87","ANTTI.RAANTA","20172018","R","G",46,14.1117477386067
"88","ANZE.KOPITAR","20172018","R","C",82,13.9661367438681
"89","ARTEM.ANISIMOV","20172018","R","C",71,4.60216516183806
"90","ARTEMI.PANARIN","20172018","R","C",81,11.2418546096169
"91","ARTTURI.LEHKONEN","20172018","R","L",66,2.99522219237665
"92","ASHTON.SAUTNER","20172018","R","D",5,0.0121923489563426
"93","AUSTIN.CZARNIK","20172018","R","C",10,0.0218314571132078
"94","AUSTIN.WATSON","20172018","R","L",76,3.24754057453655
"95","AUSTON.MATTHEWS","20172018","R","C",62,11.4955903169687
"96","BARCLAY.GOODROW","20172018","R","C",47,0.635893849383746
"97","BEAU.BENNETT","20172018","R","R",6,0.00104968869501025
"98","BEN.BISHOP","20172018","R","G",53,13.1559101240973
"99","BEN.CHIAROT","20172018","R","D",56,0.556510740462013
"100","BEN.HARPUR","20172018","R","D",41,0.0122148804278323
"101","BEN.HUTTON","20172018","R","D",59,0.234882399730349
"102","BEN.LOVEJOY","20172018","R","D",57,0.478997128817843
"103","BENOIT.POULIOT","20172018","R","L",74,3.51980983914051
"104","BEN.SEXTON","20172018","R","C",2,5.16897619528278e-05
"105","BLAKE.COLEMAN","20172018","R","C",79,3.20155258684838
"106","BLAKE.COMEAU","20172018","R","L",79,2.61680445671165
"107","BLAKE.HILLMAN","20172018","R","D",4,0.0340332110754167
"108","BLAKE.PIETILA","20172018","R","L",2,0.000940306686268286
"109","BLAKE.WHEELER","20172018","R","R",80,11.4380476589047
"110","BOBBY.RYAN","20172018","R","R",62,3.052365517232
"111","BO.HORVAT","20172018","R","C",62,5.59495058052314
"112","BOONE.JENNER","20172018","R","C",75,4.08695586652588
"113","BOO.NIEVES","20172018","R","C",28,0.639460603739822
"114","BRADEN.HOLTBY","20172018","R","G",54,10.614497371356
"115","BRAD.HUNT","20172018","R","D",45,0.908638023397674
"116","BRAD.MALONE","20172018","R","C",7,0.00230254173396195
"117","BRAD.MARCHAND","20172018","R","C",67,13.2271666395239
"118","BRAD.RICHARDSON","20172018","R","R",74,1.29105713034114
"119","BRADY.SKJEI","20172018","R","D",82,1.48747134167586
"120","BRANDON.CARLO","20172018","R","D",75,0.214435733060304
"121","BRANDON.DAVIDSON","20172018","R","D",51,0.824723790257593
"122","BRANDON.DUBINSKY","20172018","R","C",62,1.35147305323071
"123","BRANDON.HALVERSON","20172018","R","G",1,0.000153957228939948
"124","BRANDON.MANNING","20172018","R","D",65,1.96453236931972
"125","BRANDON.MONTOUR","20172018","R","D",80,2.80960107029993
"126","BRANDON.PIRRI","20172018","R","C",2,0.683331211323384
"127","BRANDON.SAAD","20172018","R","L",81,5.24918932368421
"128","BRANDON.SUTTER","20172018","R","C",59,2.83554014396121
"129","BRANDON.TANEV","20172018","R","L",60,1.70148196357213
"130","BRAYDEN.MCNABB","20172018","R","D",74,1.19134521130182
"131","BRAYDEN.POINT","20172018","R","C",82,9.77938821358953
"132","BRAYDEN.SCHENN","20172018","R","C",82,11.3399219887758
"133","BRAYDON.COBURN","20172018","R","D",72,0.330741450789201
"134","BRENDAN.GALLAGHER","20172018","R","R",82,6.06647141746597
"135","BRENDAN.GAUNCE","20172018","R","C",36,1.11709665482326
"136","BRENDAN.GUHLE","20172018","R","D",18,0.0485494699928055
"137","BRENDAN.LEIPSIC","20172018","R","L",56,1.30837718723096
"138","BRENDAN.LEMIEUX","20172018","R","L",9,0.0136692449225662
"139","BRENDAN.PERLINI","20172018","R","L",72,3.12041309526957
"140","BRENDAN.SMITH","20172018","R","D",44,0.24775663808939
"141","BRENDEN.DILLON","20172018","R","D",80,1.14848593545694
"142","BRENT.BURNS","20172018","R","D",81,6.48943722743363
"143","BRENT.SEABROOK","20172018","R","D",80,1.54518984773763
"144","BRETT.CONNOLLY","20172018","R","R",70,1.89048933505272
"145","BRETT.KULAK","20172018","R","D",71,0.197451916696148
"146","BRETT.LERNOUT","20172018","R","D",18,0.00906325395942822
"147","BRETT.PESCE","20172018","R","D",65,1.59512809488551
"148","BRETT.RITCHIE","20172018","R","R",71,0.968888113681191
"149","BRIAN.BOYLE","20172018","R","C",69,3.06919872885131
"150","BRIAN.DUMOULIN","20172018","R","D",80,0.933231705122283
"151","BRIAN.ELLIOTT","20172018","R","G",43,8.54809368323666
"152","BRIAN.GIBBONS","20172018","R","C",59,2.18877094841895
"153","BRIAN.GIONTA","20172018","R","R",20,0.509133098218551
"154","BRIAN.LASHOFF","20172018","R","D",1,4.00871849866746e-05
"155","BROCK.BOESER","20172018","R","R",61,7.02287082158005
"156","BROCK.MCGINN","20172018","R","L",80,3.30113377490589
"157","BROCK.NELSON","20172018","R","C",82,3.26371111905864
"158","BROOKS.LAICH","20172018","R","C",12,0.00631217520248218
"159","BROOKS.ORPIK","20172018","R","D",81,0.366958463694526
"160","BRYAN.LITTLE","20172018","R","C",81,5.12905057216914
"161","BRYAN.RUST","20172018","R","R",69,3.09759475378926
"162","BYRON.FROESE","20172018","R","C",48,0.895601214617814
"163","CAL.CLUTTERBUCK","20172018","R","R",76,1.14455773640674
"164","CALLE.JARNKROK","20172018","R","C",68,3.31741789485649
"165","CALLE.ROSEN","20172018","R","D",4,0.0186328911336384
"166","CAL.O'REILLY","20172018","R","C",1,1.63943402901623e-05
"167","CALVIN.DE HAAN","20172018","R","D",33,0.60715734322955
"168","CALVIN.PICKARD","20172018","R","G",1,0.000605961406574007
"169","CAM.ATKINSON","20172018","R","R",65,7.37704031403287
"170","CAM.FOWLER","20172018","R","D",67,2.8739939175189
"171","CAM.TALBOT","20172018","R","G",67,12.7198374517745
"172","CAM.WARD","20172018","R","G",43,7.75436693953646
"173","CAREY.PRICE","20172018","R","G",49,7.65467233414834
"174","CARL.DAHLSTROM","20172018","R","D",11,0.0472873520820796
"175","CARL.GUNNARSSON","20172018","R","D",63,1.40731865042583
"176","CARL.HAGELIN","20172018","R","L",81,1.66380391677071
"177","CARL.SODERBERG","20172018","R","C",77,4.48694813529992
"178","CARSON.SOUCY","20172018","R","D",3,0.00417794553603052
"179","CARTER.HUTTON","20172018","R","G",32,10.1428972937672
"180","CARTER.ROWNEY","20172018","R","R",44,0.160340835342029
"181","CASEY.CIZIKAS","20172018","R","C",64,1.07729497750218
"182","CASEY.DESMITH","20172018","R","G",14,2.98848142884248
"183","CASEY.MITTELSTADT","20172018","R","C",6,0.0346891717034529
"184","CASEY.NELSON","20172018","R","D",37,0.303306587332808
"185","CEDRIC.PAQUETTE","20172018","R","C",56,1.41144905829669
"186","CHAD.JOHNSON","20172018","R","G",36,4.16135413271556
"187","CHAD.RUHWEDEL","20172018","R","D",44,0.155005911295832
"188","CHANDLER.STEPHENSON","20172018","R","C",67,1.20241905300401
"189","CHARLES.HUDON","20172018","R","L",72,2.23614668563281
"190","CHARLIE.COYLE","20172018","R","C",66,2.41135530646859
"191","CHARLIE.LINDGREN","20172018","R","G",14,3.56950854414416
"192","CHARLIE.MCAVOY","20172018","R","D",62,3.40035418773145
"193","CHASE.BALISY","20172018","R","C",8,0.000939739821348767
"194","CHRIS.BIGRAS","20172018","R","D",15,0.00407369131703791
"195","CHRIS.BUTLER","20172018","R","D",6,0.000901204159544175
"196","CHRIS.DIDOMENICO","20172018","R","C",24,0.52216392712765
"197","CHRIS.GIBSON","20172018","R","G",8,2.16637430321268
"198","CHRIS.KELLY","20172018","R","C",12,0.0104143305841392
"199","CHRIS.KREIDER","20172018","R","C",58,3.69395909256167
"200","CHRIS.KUNITZ","20172018","R","L",82,2.95461728671184
"201","CHRIS.STEWART","20172018","R","R",54,0.951127215277508
"202","CHRIS.TANEV","20172018","R","D",41,1.24243682433165
"203","CHRIS.THORBURN","20172018","R","R",50,0.0860796964616362
"204","CHRISTIAN.DJOOS","20172018","R","D",63,0.98451555120356
"205","CHRISTIAN.DVORAK","20172018","R","L",77,3.29485651690573
"206","CHRISTIAN.FISCHER","20172018","R","R",77,3.29790292899968
"207","CHRISTIAN.FOLIN","20172018","R","D",65,0.873245702921424
"208","CHRISTIAN.JAROS","20172018","R","D",2,0.000169143853820515
"209","CHRISTIAN.WOLANIN","20172018","R","D",10,0.00892112749647291
"210","CHRIS.TIERNEY","20172018","R","C",81,3.24137768697209
"211","CHRISTOPH.BERTSCHY","20172018","R","C",1,1.44370656336057e-05
"212","CHRIS.WAGNER","20172018","R","R",79,1.09002059163465
"213","CHRIS.WIDEMAN","20172018","R","D",16,0.158665811249401
"214","CLAUDE.GIROUX","20172018","R","R",82,13.3159901070638
"215","CLAYTON.KELLER","20172018","R","C",80,7.05356335226358
"216","CODY.CECI","20172018","R","D",82,1.75334101623423
"217","CODY.EAKIN","20172018","R","C",78,2.8241573900047
"218","CODY.FRANSON","20172018","R","D",23,0.209772605458672
"219","CODY.MCLEOD","20172018","R","L",48,0.0738265925493428
"220","COLBY.CAVE","20172018","R","C",3,0.00166701116805771
"221","COLIN.MILLER","20172018","R","D",80,2.86442850160162
"222","COLIN.WHITE","20172018","R","C",21,0.2064813734615
"223","COLIN.WILSON","20172018","R","C",56,1.00008007323092
"224","COLLIN.DELIA","20172018","R","G",1,0.001502722292756
"225","COLTON.PARAYKO","20172018","R","D",82,2.36997471126816
"226","COLTON.SCEVIOUR","20172018","R","C",76,2.76157437549633
"227","COLTON.SISSONS","20172018","R","C",81,2.58655949636194
"228","CONNOR.BRICKLEY","20172018","R","L",44,1.03405033238274
"229","CONNOR.BROWN","20172018","R","R",81,2.29306719544921
"230","CONNOR.CARRICK","20172018","R","D",46,1.00428287117129
"231","CONNOR.HELLEBUYCK","20172018","R","G",67,18.7589689363764
"232","CONNOR.MCDAVID","20172018","R","C",82,18.136470565961
"233","CONNOR.MURPHY","20172018","R","D",75,0.300604704677101
"234","CONOR.SHEARY","20172018","R","L",79,3.41682834210117
"235","COREY.CRAWFORD","20172018","R","G",28,9.2146803110722
"236","COREY.PERRY","20172018","R","R",71,3.57860108022418
"237","CORY.CONACHER","20172018","R","C",36,0.923621281798305
"238","CORY.SCHNEIDER","20172018","R","G",40,8.48327878670516
"239","CRAIG.ANDERSON","20172018","R","G",58,7.69024663081674
"240","CRAIG.SMITH","20172018","R","C",79,6.05515407922583
"241","CURTIS.LAZAR","20172018","R","C",65,0.356285981529222
"242","CURTIS.MCELHINNEY","20172018","R","G",18,5.66009214555896
"243","CURTIS.MCKENZIE","20172018","R","L",7,0.0138479995385099
"244","CURTIS.VALK","20172018","R","C",1,3.29949871766644e-05
"245","DAKOTA.MERMIS","20172018","R","D",8,0.00189760905351899
"246","DALE.WEISE","20172018","R","R",46,0.362102604107499
"247","DALTON.PROUT","20172018","R","D",4,0.00124712640859798
"248","DAMON.SEVERSON","20172018","R","D",76,2.87353121855751
"249","DAN.GIRARDI","20172018","R","D",77,1.31963206840745
"250","DAN.HAMHUIS","20172018","R","D",80,1.32232189976083
"251","DANICK.MARTEL","20172018","R","L",4,0.000307818723935139
"252","DANIEL.BRICKLEY","20172018","R","D",1,0.000595134654696743
"253","DANIEL.CARR","20172018","R","L",38,0.698035727802064
"254","DANIEL.CATENACCI","20172018","R","C",1,2.38441130301492e-05
"255","DANIEL.O'REGAN","20172018","R","C",19,0.0167733645464849
"256","DANIEL.SEDIN","20172018","R","L",79,3.7737699175078
"257","DANIEL.SPRONG","20172018","R","R",8,0.760497703836946
"258","DANIEL.TAYLOR","20172018","R","G",1,0.00737767922601051
"259","DANIEL.WINNIK","20172018","R","L",81,0.872230702088044
"260","DANNY.DEKEYSER","20172018","R","D",65,1.46813758920827
"261","DANNY.O'REGAN","20172018","R","C",2,0.000275381447227119
"262","DANTON.HEINEN","20172018","R","C",76,4.25516165801225
"263","DARCY.KUEMPER","20172018","R","G",28,6.71402384737609
"264","DARNELL.NURSE","20172018","R","D",82,2.27411444528473
"265","DARREN.ARCHIBALD","20172018","R","R",26,0.329659275601632
"266","DARREN.HELM","20172018","R","C",74,2.74163057922974
"267","DAVID.BACKES","20172018","R","R",57,3.02129212889133
"268","DAVID.BOOTH","20172018","R","L",28,0.905080521149851
"269","DAVID.DESHARNAIS","20172018","R","C",71,0.893640311878421
"270","DAVID.KAMPF","20172018","R","C",45,0.942764500709592
"271","DAVID.KREJCI","20172018","R","C",64,5.61918608536392
"272","DAVID.PASTRNAK","20172018","R","R",81,9.92564698575029
"273","DAVID.PERRON","20172018","R","L",69,6.47973949540208
"274","DAVID.RITTICH","20172018","R","G",21,2.29470427448022
"275","DAVID.SAVARD","20172018","R","D",81,1.23210980767752
"276","DAVID.SCHLEMKO","20172018","R","D",37,0.206485968776819
"277","DAVID.WARSOFSKY","20172018","R","D",16,0.0192758286981899
"278","DEAN.KUKAN","20172018","R","D",11,0.00943147831814909
"279","DENIS.MALGIN","20172018","R","C",51,1.74550438719366
"280","DENNIS.RASMUSSEN","20172018","R","C",27,0.0289428876025528
"281","DENNIS.SEIDENBERG","20172018","R","D",28,0.144835246907624
"282","DEREK.DORSETT","20172018","R","R",19,1.32261182684491
"283","DEREK.FORBORT","20172018","R","D",78,1.05229133077378
"284","DEREK.GRANT","20172018","R","C",66,1.26002188217463
"285","DEREK.MACKENZIE","20172018","R","C",75,0.395432221655311
"286","DEREK.RYAN","20172018","R","C",80,3.29076054306823
"287","DEREK.STEPAN","20172018","R","C",80,5.03411536156765
"288","DERICK.BRASSARD","20172018","R","C",72,5.25000766697983
"289","DERRICK.POULIOT","20172018","R","D",69,1.79378875602147
"290","DERYK.ENGELLAND","20172018","R","D",77,1.6983124794344
"291","DEVAN.DUBNYK","20172018","R","G",60,15.5326572629591
"292","DEVANTE.SMITH-PELLY","20172018","R","R",75,1.17052923605303
"293","DEVIN.SHORE","20172018","R","C",82,2.65726385335201
"294","DILLON.HEATHERINGTON","20172018","R","D",6,0.00960080178637711
"295","DION.PHANEUF","20172018","R","D",79,2.41557073160497
"296","DMITRIJ.JASKIN","20172018","R","R",76,0.892939944793884
"297","DMITRY.KULIKOV","20172018","R","D",62,1.01051112198638
"298","DMITRY.ORLOV","20172018","R","D",82,2.41299391512338
"299","DOMINIC.MOORE","20172018","R","C",49,0.223716664550729
"300","DOMINIC.TONINATO","20172018","R","C",37,0.0134082015469125
"301","DOMINIC.TURGEON","20172018","R","C",5,0.000487291741182491
"302","DOMINIK.SIMON","20172018","R","C",33,0.881619493811203
"303","DOUGIE.HAMILTON","20172018","R","D",82,6.03619677479961
"304","DRAKE.CAGGIULA","20172018","R","C",67,1.659904844852
"305","DREW.DOUGHTY","20172018","R","D",82,7.18376979638815
"306","DREW.STAFFORD","20172018","R","R",59,1.72820714133838
"307","DRYDEN.HUNT","20172018","R","L",11,0.00164305930789881
"308","DUNCAN.KEITH","20172018","R","D",81,1.22185735894908
"309","DUNCAN.SIEMENS","20172018","R","D",16,0.0587705155944811
"310","DUSTIN.BROWN","20172018","R","L",81,10.5051242993851
"311","DUSTIN.BYFUGLIEN","20172018","R","D",68,4.49441160127827
"312","DYLAN.DEMELO","20172018","R","D",62,0.49416878052682
"313","DYLAN.FERGUSON","20172018","R","G",1,5.37652894662403e-05
"314","DYLAN.GAMBRELL","20172018","R","C",3,0.000479761526127289
"315","DYLAN.LARKIN","20172018","R","C",81,8.13117363742393
"316","DYLAN.SIKURA","20172018","R","C",4,0.00427716545613601
"317","DYLAN.STROME","20172018","R","C",20,0.451502640134398
"318","EDDIE.LACK","20172018","R","G",8,0.697038957371745
"319","EELI.TOLVANEN","20172018","R","R",3,0.000157719763937855
"320","ELIAS.LINDHOLM","20172018","R","C",81,4.43138098277876
"321","ERIC.COMRIE","20172018","R","G",2,0.208988048652438
"322","ERIC.FEHR","20172018","R","C",18,0.319008169556822
"323","ERIC.GRYBA","20172018","R","D",21,0.0694159829083946
"324","ERIC.ROBINSON","20172018","R","L",1,0.000233016595668118
"325","ERIC.STAAL","20172018","R","C",82,12.3499109355669
"326","ERIK.BURGDOERFER","20172018","R","D",2,0.00653332711021166
"327","ERIK.GUDBRANSON","20172018","R","D",51,0.30857938544569
"328","ERIK.GUSTAFSSON","20172018","R","D",34,0.820140117025948
"329","ERIK.HAULA","20172018","R","L",74,6.35598442096258
"330","ERIK.JOHNSON","20172018","R","D",62,2.98534050101506
"331","ERIK.KARLSSON","20172018","R","D",71,6.36266922490456
"332","ESA.LINDELL","20172018","R","D",80,2.19507559425199
"333","ETHAN.BEAR","20172018","R","D",18,0.203577030576588
"334","EVANDER.KANE","20172018","R","L",77,8.8344339632008
"335","EVAN.RODRIGUES","20172018","R","C",48,1.77926601271491
"336","EVGENI.MALKIN","20172018","R","C",78,15.363911695437
"337","EVGENY.DADONOV","20172018","R","R",74,7.07841175985253
"338","EVGENY.KUZNETSOV","20172018","R","C",79,12.7960365860739
"339","EVGENY.SVECHNIKOV","20172018","R","L",14,0.227774853372576
"340","FILIP.CHLAPIK","20172018","R","C",20,0.0530858105941013
"341","FILIP.CHYTIL","20172018","R","C",9,0.0604657060461436
"342","FILIP.FORSBERG","20172018","R","L",67,8.92034520569645
"343","FRANCOIS.BEAUCHEMIN","20172018","R","D",67,0.933905575746778
"344","FRANK.CORRADO","20172018","R","D",5,0.00020310398698797
"345","FRANK.VATRANO","20172018","R","C",41,1.81298767485154
"346","FRANS.NIELSEN","20172018","R","C",78,2.2862488290906
"347","FREDDIE.HAMILTON","20172018","R","C",16,0.0220542201356819
"348","FREDERICK.GAUDREAU","20172018","R","C",20,0.0339202083833804
"349","FREDERIK.ANDERSEN","20172018","R","G",65,15.4579315774511
"350","FREDERIK.GAUTHIER","20172018","R","C",9,0.100339420165492
"351","FREDRIK.CLAESSON","20172018","R","D",64,0.0974740162732222
"352","GABRIEL.BOURQUE","20172018","R","L",58,0.624366566861134
"353","GABRIEL.CARLSSON","20172018","R","D",14,0.00400937697457111
"354","GABRIEL.DUMONT","20172018","R","C",30,0.0295360321321301
"355","GABRIEL.LANDESKOG","20172018","R","L",78,6.95428228385083
"356","GARNET.HATHAWAY","20172018","R","R",59,0.510792821921737
"357","GEMEL.SMITH","20172018","R","C",46,0.283243727262068
"358","GIOVANNI.FIORE","20172018","R","R",1,0.000275294615731809
"359","GREG.MCKEGG","20172018","R","C",26,0.122862364804982
"360","GREG.PATERYN","20172018","R","D",73,0.638564146440963
"361","GUSTAV.FORSLING","20172018","R","D",41,1.28566649450658
"362","GUSTAV.NYQUIST","20172018","R","C",81,4.1447311651875
"363","GUSTAV.OLOFSSON","20172018","R","D",41,0.0704518936875479
"364","HAMPUS.LINDHOLM","20172018","R","D",69,3.69814130090979
"365","HARRI.SATERI","20172018","R","G",9,1.70591953646394
"366","HAYDN.FLEURY","20172018","R","D",67,0.119911759634275
"367","HENRIK.BORGSTROM","20172018","R","C",4,0.0316460686876249
"368","HENRIK.HAAPALA","20172018","R","L",5,0.0113243697014144
"369","HENRIK.LUNDQVIST","20172018","R","G",63,15.5653028528804
"370","HENRIK.SEDIN","20172018","R","C",80,1.36723732110158
"371","HENRIK.ZETTERBERG","20172018","R","C",81,5.16866731517274
"372","HUDSON.FASCHING","20172018","R","R",5,0.00018674914275202
"373","IAN.COLE","20172018","R","D",67,0.935834884304153
"374","IAN.MCCOSHEN","20172018","R","D",38,0.169007819895782
"375","IIRO.PAKARINEN","20172018","R","R",40,0.0472433342196324
"376","IVAN.BARBASHEV","20172018","R","C",53,1.53532310667777
"377","IVAN.PROVOROV","20172018","R","D",82,5.00487921720435
"378","JACCOB.SLAVIN","20172018","R","D",82,2.5680918200702
"379","JACK.CAMPBELL","20172018","R","G",5,1.32634204983117
"380","JACK.EICHEL","20172018","R","C",67,9.22868558547725
"381","JACK.JOHNSON","20172018","R","D",77,0.802914523455939
"382","JACK.RODEWALD","20172018","R","R",4,0.000254704512562521
"383","JACK.ROSLOVIC","20172018","R","C",31,1.49603973190376
"384","JACOB.DE LA ROSE","20172018","R","L",55,0.734163397114179
"385","JACOB.JOSEFSON","20172018","R","C",39,0.177426512933279
"386","JACOB.MARKSTROM","20172018","R","G",58,11.7272414886951
"387","JACOB.TROUBA","20172018","R","D",55,1.90616549580738
"388","JADEN.SCHWARTZ","20172018","R","C",62,7.63131898813823
"389","JAKE.ALLEN","20172018","R","G",59,9.24099858031027
"390","JAKE.DEBRUSK","20172018","R","L",69,5.81432677033755
"391","JAKE.DOTCHIN","20172018","R","D",48,0.587235355372192
"392","JAKE.GARDINER","20172018","R","D",81,2.75418901399213
"393","JAKE.GUENTZEL","20172018","R","C",82,5.70508662957357
"394","JAKE.MCCABE","20172018","R","D",53,0.83083100952792
"395","JAKE.MUZZIN","20172018","R","D",74,2.89403472396429
"396","JAKE.VIRTANEN","20172018","R","R",73,1.94663400962624
"397","JAKOB.CHYCHRUN","20172018","R","D",50,1.17380888566318
"398","JAKOB.SILFVERBERG","20172018","R","R",77,4.6945792825369
"399","JAKUB.JERABEK","20172018","R","D",36,0.123456152824496
"400","JAKUB.VORACEK","20172018","R","R",82,7.99385189997112
"401","JAKUB.VRANA","20172018","R","L",73,1.6410342507883
"402","JAMES.NEAL","20172018","R","L",69,6.08624194048715
"403","JAMES.REIMER","20172018","R","G",44,10.2216759938676
"404","JAMES.VAN RIEMSDYK","20172018","R","L",80,6.60397697418483
"405","JAMIE.BENN","20172018","R","L",82,11.020703178471
"406","JAMIE.MCGINN","20172018","R","L",76,1.10142236643949
"407","JAMIE.OLEKSIAK","20172018","R","D",68,1.32164727914821
"408","JANNE.KUOKKANEN","20172018","R","C",4,0.00213412349275627
"409","JANNIK.HANSEN","20172018","R","R",46,0.293973217527764
"410","JAN.RUTTA","20172018","R","D",56,1.31100226512239
"411","JARED.BOLL","20172018","R","R",10,0.0343309394306482
"412","JARED.COREAU","20172018","R","G",7,0.0540307750861778
"413","JARED.MCCANN","20172018","R","C",68,2.95770282497103
"414","JARED.SPURGEON","20172018","R","D",61,4.11924045727839
"415","JAROMIR.JAGR","20172018","R","R",22,0.383242504677051
"416","JAROSLAV.HALAK","20172018","R","G",54,9.65075390651522
"417","JASON.CHIMERA","20172018","R","L",74,0.647697185878372
"418","JASON.DEMERS","20172018","R","D",68,1.34789321442427
"419","JASON.DICKINSON","20172018","R","C",27,0.00879722402224362
"420","JASON.GARRISON","20172018","R","D",7,0.0244661804981422
"421","JASON.POMINVILLE","20172018","R","R",82,3.02096528234159
"422","JASON.SPEZZA","20172018","R","C",78,1.7685930458284
"423","JASON.ZUCKER","20172018","R","L",82,11.0699687481388
"424","JAY.BEAGLE","20172018","R","C",79,1.1338854813492
"425","JAY.BOUWMEESTER","20172018","R","D",35,0.51850443856846
"426","JAYCOB.MEGNA","20172018","R","D",14,0.0581761717524548
"427","JAYSON.MEGNA","20172018","R","C",1,3.71743264266655e-05
"428","JEAN-GABRIEL.PAGEAU","20172018","R","C",78,3.36036107468899
"429","JEAN-SEBASTIEN.DEA","20172018","R","C",5,0.453010856400857
"430","JEFF.CARTER","20172018","R","C",27,3.78390254019449
"431","JEFF.GLASS","20172018","R","G",15,1.46596401854283
"432","JEFF.PETRY","20172018","R","D",82,4.13064715452028
"433","JEFF.SKINNER","20172018","R","C",82,4.87031512829751
"434","JESPER.BRATT","20172018","R","L",74,3.47409466135963
"435","JESPER.FAST","20172018","R","R",71,2.40762568532136
"436","JESSE.PULJUJARVI","20172018","R","R",65,2.55807626593497
"437","J-F.BERUBE","20172018","R","G",11,1.46454048812925
"438","J.F..BERUBE","20172018","R","G",2,0.739915271510226
"439","JIMMY.HAYES","20172018","R","R",33,1.28795173373124
"440","JIMMY.HOWARD","20172018","R","G",59,13.4437713229233
"441","JIMMY.VESEY","20172018","R","L",79,4.06369297116572
"442","JIM.O'BRIEN","20172018","R","C",10,0.00877079132210535
"443","JOAKIM.NORDSTROM","20172018","R","C",75,0.29374577477832
"444","JOAKIM.RYAN","20172018","R","D",62,1.02769190049536
"445","JOE.HICKETTS","20172018","R","D",5,0.135218144798553
"446","JOEL.ARMIA","20172018","R","R",78,2.92028678464659
"447","JOEL.EDMUNDSON","20172018","R","D",69,1.66786674252853
"448","JOEL.ERIKSSON EK","20172018","R","C",75,1.13824404076222
"449","JOEL.HANLEY","20172018","R","D",5,0.000786312879738658
"450","JOEL.WARD","20172018","R","R",51,1.29191575596984
"451","JOE.MORROW","20172018","R","D",55,1.04930489695815
"452","JOE.PAVELSKI","20172018","R","C",81,8.44524151926025
"453","JOE.THORNTON","20172018","R","C",47,3.3895473381465
"454","JOHAN.LARSSON","20172018","R","L",80,1.25999677048636
"455","JOHN.CARLSON","20172018","R","D",82,7.1185629733882
"456","JOHN.GIBSON","20172018","R","G",60,18.3204690100839
"457","JOHN.GILMOUR","20172018","R","D",28,0.312791096307686
"458","JOHN.HAYDEN","20172018","R","C",47,0.148248049866203
"459","JOHN.KLINGBERG","20172018","R","D",82,5.82323948921929
"460","JOHN.MOORE","20172018","R","D",81,1.23012092565303
"461","JOHNNY.BOYCHUK","20172018","R","D",58,1.98917310343312
"462","JOHNNY.GAUDREAU","20172018","R","L",80,8.42412493015308
"463","JOHNNY.ODUYA","20172018","R","D",52,0.263852428348782
"464","JOHN.QUENNEVILLE","20172018","R","C",2,0.00202539060336522
"465","JOHN.TAVARES","20172018","R","C",82,11.1713218840052
"466","JONAS.BRODIN","20172018","R","D",73,2.05880156795881
"467","JONATHAN.BERNIER","20172018","R","G",37,7.93164670041522
"468","JONATHAN.DROUIN","20172018","R","L",77,4.53121464311217
"469","JONATHAN.ERICSSON","20172018","R","D",80,0.963807088541254
"470","JONATHAN.HUBERDEAU","20172018","R","C",82,8.07059105660326
"471","JONATHAN.MARCHESSAULT","20172018","R","C",75,11.9551212241426
"472","JONATHAN.QUICK","20172018","R","G",64,17.0402827092945
"473","JONATHAN.TOEWS","20172018","R","C",74,7.19935221177241
"474","JON.GILLIES","20172018","R","G",11,1.19797789033321
"475","JON.MERRILL","20172018","R","D",33,0.656525157784557
"476","JONNY.BRODZINSKI","20172018","R","C",35,0.352955875981378
"477","JOONAS.DONSKOI","20172018","R","R",65,4.36312108635758
"478","JOONAS.KORPISALO","20172018","R","G",18,3.23730217023217
"479","JORDAN.EBERLE","20172018","R","C",81,5.63773783407812
"480","JORDAN.GREENWAY","20172018","R","L",6,0.00419522350477569
"481","JORDAN.MARTINOOK","20172018","R","L",80,1.32802058118045
"482","JORDAN.NOLAN","20172018","R","C",69,0.709999178262994
"483","JORDAN.OESTERLE","20172018","R","D",54,1.1633081366032
"484","JORDAN.SCHMALTZ","20172018","R","D",13,0.011456433612193
"485","JORDAN.SCHROEDER","20172018","R","C",21,0.429142206913487
"486","JORDAN.STAAL","20172018","R","C",79,5.60227403316781
"487","JORDAN.SZWARZ","20172018","R","R",11,0.244365373396021
"488","JORDAN.WEAL","20172018","R","C",69,1.13289165688522
"489","JORDIE.BENN","20172018","R","D",77,0.908835233864954
"490","JORI.LEHTERA","20172018","R","C",62,0.0987543109857978
"491","JOSEPH.BLANDISI","20172018","R","C",3,0.000495682594034343
"492","JOSH.ANDERSON","20172018","R","R",63,4.8182032152773
"493","JOSH.ARCHIBALD","20172018","R","R",41,0.459113560128517
"494","JOSH.BAILEY","20172018","R","C",76,4.32872717193777
"495","JOSH.GORGES","20172018","R","D",34,0.0476683669833013
"496","JOSH.JOORIS","20172018","R","R",40,0.534766486788891
"497","JOSH.LEIVO","20172018","R","L",15,0.0211819430086181
"498","JOSH.MANSON","20172018","R","D",80,2.5429418481703
"499","JOSH.MORRISSEY","20172018","R","D",80,1.73572071441274
"500","JOSHUA.HO-SANG","20172018","R","C",22,0.161417890917089
"501","J.T..BROWN","20172018","R","R",47,0.586138428443931
"502","J.T..COMPHER","20172018","R","L",69,2.94553508379391
"503","J.T..MILLER","20172018","R","C",82,5.89402870600275
"504","JUJHAR.KHAIRA","20172018","R","L",69,2.12710376781643
"505","JULIUS.HONKA","20172018","R","D",42,0.199285811030202
"506","JUSSI.JOKINEN","20172018","R","L",59,1.34174328846586
"507","JUSTIN.ABDELKADER","20172018","R","L",74,2.19300844111615
"508","JUSTIN.AUGER","20172018","R","R",2,5.75141064368045e-05
"509","JUSTIN.BAILEY","20172018","R","R",12,0.357126481633533
"510","JUSTIN.BRAUN","20172018","R","D",80,1.76817949136498
"511","JUSTIN.FALK","20172018","R","D",46,0.0473719694085155
"512","JUSTIN.FAULK","20172018","R","D",76,3.29720040042266
"513","JUSTIN.HOLL","20172018","R","D",2,0.446198030039668
"514","JUSTIN.KLOOS","20172018","R","C",1,0.00123729549501149
"515","JUSTIN.SCHULTZ","20172018","R","D",63,1.26451546729268
"516","JUSTIN.WILLIAMS","20172018","R","R",82,5.54592678921972
"517","JUUSE.SAROS","20172018","R","G",26,6.32789038306024
"518","KAILER.YAMAMOTO","20172018","R","R",9,0.143002740179306
"519","KALLE.KOSSILA","20172018","R","C",10,0.00337219674114212
"520","KARI.LEHTONEN","20172018","R","G",37,6.14771638509817
"521","KARL.ALZNER","20172018","R","D",82,0.555708069242384
"522","KASPERI.KAPANEN","20172018","R","R",38,0.702685923676955
"523","KEEGAN.LOWE","20172018","R","D",2,0.00148427984426235
"524","KEITH.KINKAID","20172018","R","G",41,8.58107474344996
"525","KEITH.YANDLE","20172018","R","D",82,4.19083405047965
"526","KEN.APPLEBY","20172018","R","G",3,0.388498894714161
"527","KENNY.AGOSTINO","20172018","R","L",5,0.0124898785968612
"528","KERBY.RYCHEL","20172018","R","L",4,0.0500533564044925
"529","KEVAN.MILLER","20172018","R","D",67,0.461169945093641
"530","KEVIN.BIEKSA","20172018","R","D",59,0.212749589220726
"531","KEVIN.CONNAUTON","20172018","R","D",71,2.21317194307886
"532","KEVIN.FIALA","20172018","R","L",80,6.65610515430125
"533","KEVIN.GRAVEL","20172018","R","D",16,0.0318384080270963
"534","KEVIN.HAYES","20172018","R","R",76,4.65132685838321
"535","KEVIN.LABANC","20172018","R","R",76,3.20981797241067
"536","KEVIN.ROONEY","20172018","R","C",1,0.00486278559303855
"537","KEVIN.ROY","20172018","R","C",25,1.61686895006681
"538","KEVIN.SHATTENKIRK","20172018","R","D",46,1.69918394854818
"539","KLAS.DAHLBECK","20172018","R","D",33,0.198154700519038
"540","KORBINIAN.HOLZER","20172018","R","D",16,0.00418368721447397
"541","KRIS.LETANG","20172018","R","D",79,3.39767280950663
"542","KRIS.RUSSELL","20172018","R","D",78,0.886069186723597
"543","KRIS.VERSTEEG","20172018","R","R",24,0.527518249435437
"544","KURTIS.MACDERMID","20172018","R","D",34,0.171254477550715
"545","KYLE.BRODZIAK","20172018","R","C",81,3.83077078841013
"546","KYLE.CAPOBIANCO","20172018","R","D",1,1.83165087524441e-05
"547","KYLE.CLIFFORD","20172018","R","L",50,0.444984699164596
"548","KYLE.CONNOR","20172018","R","L",75,8.48778376301768
"549","KYLE.CRISCUOLO","20172018","R","C",9,0.00305544309821136
"550","KYLE.OKPOSO","20172018","R","R",76,3.26613661059803
"551","KYLE.PALMIERI","20172018","R","C",62,6.72089765102535
"552","KYLE.QUINCEY","20172018","R","D",18,0.0337651761333067
"553","KYLE.RAU","20172018","R","C",3,0.00963042099123174
"554","KYLE.TURRIS","20172018","R","C",76,4.72282131955954
"555","LANCE.BOUMA","20172018","R","L",53,0.622786569015094
"556","LANDON.FERRARO","20172018","R","C",2,0.0146031591223764
"557","LARS.ELLER","20172018","R","C",81,4.72524001208259
"558","LAURENT.BROSSOIT","20172018","R","G",14,0.49357569779779
"559","LAURENT.DAUPHIN","20172018","R","C",2,0.000155902451336608
"560","LAWSON.CROUSE","20172018","R","L",10,0.150889173029461
"561","LEE.STEMPNIAK","20172018","R","R",37,0.118755775024743
"562","LEO.KOMAROV","20172018","R","C",73,1.22253590861779
"563","LEON.DRAISAITL","20172018","R","C",78,7.94487917088865
"564","LIAM.O'BRIEN","20172018","R","C",3,0.00123084782785554
"565","LIAS.ANDERSSON","20172018","R","C",7,0.133027773571455
"566","LINUS.ULLMARK","20172018","R","G",5,1.03891496940292
"567","LOGAN.BROWN","20172018","R","C",4,0.00358389338032222
"568","LOGAN.COUTURE","20172018","R","C",77,9.70925796404804
"569","LOGAN.SHAW","20172018","R","R",72,1.07745922004252
"570","LOUIE.BELPEDIO","20172018","R","D",1,0.0248517925199121
"571","LOUI.ERIKSSON","20172018","R","L",50,2.26956000322923
"572","LOUIS.DOMINGUE","20172018","R","G",18,2.06067634469723
"573","LUCA.SBISA","20172018","R","D",29,0.996418905539427
"574","LUCAS.WALLMARK","20172018","R","C",11,0.0376204395001638
"575","LUKAS.SEDLAK","20172018","R","C",53,0.375652666720129
"576","LUKE.GLENDENING","20172018","R","C",68,2.23544206940069
"577","LUKE.KUNIN","20172018","R","C",19,0.299119882634893
"578","LUKE.SCHENN","20172018","R","D",62,0.320458589894593
"579","LUKE.WITKOWSKI","20172018","R","R",31,0.14910591201228
"580","MACKENZIE.WEEGAR","20172018","R","D",60,0.481464598013002
"581","MADISON.BOWEY","20172018","R","D",51,0.136266111195775
"582","MAGNUS.PAAJARVI","20172018","R","L",79,1.21312984386031
"583","MALCOLM.SUBBAN","20172018","R","G",22,4.03445168437305
"584","MARC-ANDRE.FLEURY","20172018","R","G",44,13.4743005079402
"585","MARC-EDOUARD.VLASIC","20172018","R","D",80,2.6507827586628
"586","MARC.METHOT","20172018","R","D",36,0.0898644816729411
"587","MARCO.SCANDELLA","20172018","R","D",82,1.33777298404379
"588","MARC.STAAL","20172018","R","D",72,0.335377411938169
"589","MARCUS.FOLIGNO","20172018","R","L",77,1.7563656123697
"590","MARCUS.JOHANSSON","20172018","R","L",29,1.0470154456057
"591","MARCUS.KRUGER","20172018","R","C",48,0.191874755846225
"592","MARCUS.PETTERSSON","20172018","R","D",22,0.0295719353144517
"593","MARCUS.SORENSEN","20172018","R","L",31,0.66476345313051
"594","MAREK.HRIVIK","20172018","R","L",3,0.000472218621569951
"595","MAREK.LANGHAMER","20172018","R","G",1,0.0359474023479561
"596","MARIAN.GABORIK","20172018","R","R",46,2.36699323877299
"597","MARIO.KEMPE","20172018","R","R",17,0.0654934882663156
"598","MARK.ALT","20172018","R","D",15,0.0019037181662399
"599","MARK.BARBERIO","20172018","R","D",46,0.566387065189621
"600","MARK.BOROWIECKI","20172018","R","D",52,0.394771231015028
"601","MARK.GIORDANO","20172018","R","D",82,4.27118810829967
"602","MARK.JANKOWSKI","20172018","R","C",72,4.27300635019876
"603","MARK.LETESTU","20172018","R","C",80,1.34847725807312
"604","MARKO.DANO","20172018","R","C",23,0.260214167881485
"605","MARK.PYSYK","20172018","R","D",82,0.462919963732419
"606","MARK.SCHEIFELE","20172018","R","C",59,8.79805257660423
"607","MARK.STONE","20172018","R","R",58,7.37256237932549
"608","MARK.STREIT","20172018","R","D",2,0.000185287625100445
"609","MARKUS.GRANLUND","20172018","R","C",52,1.36126662146782
"610","MARKUS.HANNIKAINEN","20172018","R","L",33,0.0633663329781608
"611","MARKUS.NUTIVAARA","20172018","R","D",61,1.67597254302337
"612","MARTIN.FRK","20172018","R","R",67,1.0287944965605
"613","MARTIN.HANZAL","20172018","R","C",38,0.917413119650198
"614","MARTIN.JONES","20172018","R","G",59,14.0411367782637
"615","MARTIN.MARINCIN","20172018","R","D",2,5.06920419114348e-05
"616","MARTIN.NECAS","20172018","R","C",1,7.99569227547758e-06
"617","MATHEW.BARZAL","20172018","R","C",82,9.39812649139621
"618","MATHIEU.PERREAULT","20172018","R","C",69,4.57807390851675
"619","MATS.ZUCCARELLO","20172018","R","C",80,4.83440501544004
"620","MATT.BARTKOWSKI","20172018","R","D",18,0.0769107978690894
"621","MATT.BELESKEY","20172018","R","L",14,0.0253789130502395
"622","MATT.BENNING","20172018","R","D",73,1.63678765078647
"623","MATT.CALVERT","20172018","R","L",69,0.62103132606415
"624","MATT.CULLEN","20172018","R","C",79,3.19983522961714
"625","MATT.DUCHENE","20172018","R","C",82,7.71247154082174
"626","MATT.DUMBA","20172018","R","D",82,6.6813089618773
"627","MATT.GRZELCYK","20172018","R","D",61,0.582316517696256
"628","MATT.HENDRICKS","20172018","R","C",60,0.729524255630315
"629","MATTHEW.HIGHMORE","20172018","R","C",13,0.0679620861357268
"630","MATTHEW.MURRAY","20172018","R","G",34,5.28136659793832
"631","MATTHEW.PECA","20172018","R","C",10,0.407014942190255
"632","MATTHEW.TKACHUK","20172018","R","L",68,5.21442609701246
"633","MATT.HUNWICK","20172018","R","D",42,0.7716394416237
"634","MATTIAS.EKHOLM","20172018","R","D",81,3.30165278228503
"635","MATTIAS.JANMARK","20172018","R","C",81,3.64253920504306
"636","MATT.IRWIN","20172018","R","D",50,0.168799469251815
"637","MATT.MARTIN","20172018","R","L",49,0.269483777891272
"638","MATT.MOULSON","20172018","R","L",14,0.00369883592897648
"639","MATT.MURRAY","20172018","R","G",15,2.76449605690543
"640","MATT.NIETO","20172018","R","L",74,2.60925739863048
"641","MATT.NISKANEN","20172018","R","D",68,2.63093237995813
"642","MATT.READ","20172018","R","R",19,0.00776849467945067
"643","MATT.STAJAN","20172018","R","C",68,0.665171250014189
"644","MATT.TENNYSON","20172018","R","D",15,0.0124585110033057
"645","MAX.DOMI","20172018","R","C",80,3.38118231072369
"646","MAXIME.LAGACE","20172018","R","G",16,0.630224591678194
"647","MAXIM.MAMIN","20172018","R","C",26,0.424755223115786
"648","MAX.MCCORMICK","20172018","R","L",30,0.13203791785978
"649","MAX.PACIORETTY","20172018","R","L",64,5.37125940595547
"650","MELKER.KARLSSON","20172018","R","C",70,1.11427434979808
"651","MICHAEL.AMADIO","20172018","R","C",37,0.998208009370633
"652","MICHAEL.BOURNIVAL","20172018","R","L",5,0.000373266519004159
"653","MICHAEL.CHAPUT","20172018","R","C",9,0.00149037233636118
"654","MICHAEL.DAL COLLE","20172018","R","L",4,0.000193890024269193
"655","MICHAEL.DEL ZOTTO","20172018","R","D",80,0.902241186370096
"656","MICHAEL.FROLIK","20172018","R","R",70,2.01500584207755
"657","MICHAEL.GRABNER","20172018","R","R",80,4.46167747071927
"658","MICHAEL.HUTCHINSON","20172018","R","G",3,0.463596245670594
"659","MICHAEL.MCCARRON","20172018","R","R",18,0.0174801819557728
"660","MICHAEL.RAFFL","20172018","R","L",76,2.33081301929336
"661","MICHAEL.STONE","20172018","R","D",82,0.700336336399948
"662","MICHAL.KEMPNY","20172018","R","D",53,0.771738870984688
"663","MICHAL.NEUVIRTH","20172018","R","G",21,5.3156189199501
"664","MICHEAL.FERLAND","20172018","R","L",77,4.22218869297731
"665","MICHEAL.HALEY","20172018","R","C",75,0.405286069508863
"666","MIIKKA.SALOMAKI","20172018","R","R",58,0.310609252394118
"667","MIKAEL.BACKLUND","20172018","R","C",82,4.39932017510651
"668","MIKAEL.GRANLUND","20172018","R","C",77,8.53684776506578
"669","MIKA.ZIBANEJAD","20172018","R","C",72,6.93058459835339
"670","MIKE.BLUNDEN","20172018","R","R",1,0.000233086976804771
"671","MIKE.CAMMALLERI","20172018","R","L",66,1.87766711587454
"672","MIKE.CONDON","20172018","R","G",31,4.41173552393357
"673","MIKE.FISHER","20172018","R","C",16,0.323572717031056
"674","MIKE.GREEN","20172018","R","D",65,1.78832659726371
"675","MIKE.HOFFMAN","20172018","R","C",82,6.77431075154021
"676","MIKE.LIAMBAS","20172018","R","L",7,0.00423712393398673
"677","MIKE.MATHESON","20172018","R","D",81,3.2151720919081
"678","MIKE.MCKENNA","20172018","R","G",2,0.408495091167242
"679","MIKE.REILLY","20172018","R","D",57,0.33432775696424
"680","MIKE.SMITH","20172018","R","G",55,13.4564003445334
"681","MIKHAIL.SERGACHEV","20172018","R","D",79,2.48270254585198
"682","MIKKEL.BOEDKER","20172018","R","L",73,4.32985910520092
"683","MIKKO.KOIVU","20172018","R","C",82,3.94173431752786
"684","MIKKO.RANTANEN","20172018","R","R",81,9.49867516619554
"685","MILAN.LUCIC","20172018","R","L",82,2.93813377451891
"686","MILES.WOOD","20172018","R","L",76,3.65457437563113
"687","MIRCO.MUELLER","20172018","R","D",28,0.109697430441771
"688","MITCH.MARNER","20172018","R","C",81,7.50545917765671
"689","MITCH.REINKE","20172018","R","D",1,8.36744587926548e-06
"690","MORGAN.KLIMCHUK","20172018","R","L",1,0.000238089855783983
"691","MORGAN.RIELLY","20172018","R","D",75,3.74657150821358
"692","NAIL.YAKUPOV","20172018","R","R",58,1.40585331495212
"693","NATE.PROSSER","20172018","R","D",57,0.417876095474738
"694","NATE.SCHMIDT","20172018","R","D",74,1.68094431751673
"695","NATE.THOMPSON","20172018","R","C",69,0.695419529090928
"696","NATHAN.BEAULIEU","20172018","R","D",59,0.1678006261259
"697","NATHAN.GERBE","20172018","R","C",2,0.000335748789914248
"698","NATHAN.MACKINNON","20172018","R","C",74,17.1999123727794
"699","NATHAN.WALKER","20172018","R","L",9,0.0140902894848517
"700","NAZEM.KADRI","20172018","R","C",79,9.3287219016676
"701","NEAL.PIONK","20172018","R","D",28,0.361671353609818
"702","NIC.DOWD","20172018","R","C",56,0.529915958696223
"703","NICHOLAS.BAPTISTE","20172018","R","R",33,0.870114625054831
"704","NICHOLAS.MERKLEY","20172018","R","R",1,0.000778338792266595
"705","NICK.BJUGSTAD","20172018","R","C",82,5.45579054779248
"706","NICK.BONINO","20172018","R","C",71,1.90637815793305
"707","NICK.COUSINS","20172018","R","C",69,2.94720764307606
"708","NICK.FOLIGNO","20172018","R","L",72,2.81370068668431
"709","NICK.HOLDEN","20172018","R","D",73,0.588244360826631
"710","NICK.JENSEN","20172018","R","D",80,0.347757322571504
"711","NICK.LAPPIN","20172018","R","R",6,0.0876836173600434
"712","NICKLAS.BACKSTROM","20172018","R","C",81,9.47488267076721
"713","NICK.LEDDY","20172018","R","D",80,3.17321236675059
"714","NICK.PAUL","20172018","R","L",11,0.0371373567556322
"715","NICK.RITCHIE","20172018","R","L",76,2.08570103002633
"716","NICK.SCHMALTZ","20172018","R","C",77,5.29301432294177
"717","NICK.SEELER","20172018","R","D",22,0.0610367451294043
"718","NICK.SHORE","20172018","R","C",64,0.883785414017216
"719","NICO.HISCHIER","20172018","R","C",82,6.67287708254197
"720","NICOLAS.DESLAURIERS","20172018","R","L",58,2.62084873012958
"721","NICOLAS.KERDILES","20172018","R","L",2,3.38134321769201e-05
"722","NICOLAS.ROY","20172018","R","C",1,0.000616877093889343
"723","NIC.PETAN","20172018","R","C",15,0.287856321818999
"724","NIKITA.KUCHEROV","20172018","R","R",80,14.4986087897217
"725","NIKITA.SCHERBAK","20172018","R","R",26,0.2747524257845
"726","NIKITA.SOSHNIKOV","20172018","R","R",15,0.178952188371728
"727","NIKITA.ZADOROV","20172018","R","D",77,2.03715085786007
"728","NIKITA.ZAITSEV","20172018","R","D",59,2.07016939545576
"729","NIKLAS.HJALMARSSON","20172018","R","D",47,0.278218795355324
"730","NIKLAS.KRONWALL","20172018","R","D",78,0.584161587604871
"731","NIKOLAJ.EHLERS","20172018","R","L",81,7.56913627380568
"732","NIKOLAY.GOLDOBIN","20172018","R","R",37,1.03964333158586
"733","NIKOLAY.KULEMIN","20172018","R","L",13,0.170493969166757
"734","NINO.NIEDERREITER","20172018","R","R",63,3.93813398613632
"735","NOAH.HANIFIN","20172018","R","D",79,2.71274879313403
"736","NOAH.JUULSEN","20172018","R","D",23,0.108331881375749
"737","NOEL.ACCIARI","20172018","R","C",59,0.746579224228713
"738","NOLAN.PATRICK","20172018","R","C",73,2.06496563769199
"739","OLIVER.BJORKSTRAND","20172018","R","R",82,3.16999857951212
"740","OLIVER.EKMAN-LARSSON","20172018","R","D",80,4.5170562679039
"741","OLLI.MAATTA","20172018","R","D",82,1.66760206538326
"742","ONDREJ.KASE","20172018","R","R",66,5.45520071725133
"743","ONDREJ.PALAT","20172018","R","L",56,2.10953088514001
"744","ONDREJ.PAVELEC","20172018","R","G",19,3.05717897115249
"745","OSCAR.DANSK","20172018","R","G",4,1.26454420784014
"746","OSCAR.FANTENBERG","20172018","R","D",27,0.145228492118189
"747","OSCAR.KLEFBOM","20172018","R","D",66,2.26817520313064
"748","OSCAR.LINDBERG","20172018","R","C",61,0.630793510069053
"749","OSKAR.LINDBLOM","20172018","R","L",23,0.320650223009676
"750","OSKAR.SUNDQVIST","20172018","R","C",42,0.0973831101703947
"751","OWEN.TIPPETT","20172018","R","R",7,0.0100110285454796
"752","PATRICE.BERGERON","20172018","R","C",63,10.4437117428199
"753","PATRIC.HORNQVIST","20172018","R","R",70,6.95823820413416
"754","PATRICK.EAVES","20172018","R","R",2,0.213561358398005
"755","PATRICK.KANE","20172018","R","R",81,10.3686453305943
"756","PATRICK.MARLEAU","20172018","R","C",81,5.77749199306484
"757","PATRICK.MAROON","20172018","R","L",74,4.29738540499122
"758","PATRICK.SHARP","20172018","R","L",69,1.09973181490786
"759","PATRICK.SIELOFF","20172018","R","D",1,0.00666135275751458
"760","PATRIK.BERGLUND","20172018","R","C",57,4.25906992306651
"761","PATRIK.LAINE","20172018","R","R",81,10.5139416048715
"762","PATRIK.NEMETH","20172018","R","D",68,0.790228555993441
"763","PAUL.BYRON","20172018","R","L",82,3.00726028134801
"764","PAUL.CAREY","20172018","R","C",60,1.23223434530074
"765","PAUL.LADUE","20172018","R","D",12,0.779124161821013
"766","PAUL.MARTIN","20172018","R","D",13,0.0229190758492044
"767","PAUL.POSTMA","20172018","R","D",13,0.00916004041656873
"768","PAUL.STASTNY","20172018","R","C",81,5.18625318348844
"769","PAVEL.BUCHNEVICH","20172018","R","L",74,4.24242744323748
"770","PAVEL.ZACHA","20172018","R","C",69,1.59581564136369
"771","PEKKA.RINNE","20172018","R","G",59,19.0328956004915
"772","PETER.BUDAJ","20172018","R","G",8,0.288155215335938
"773","PETER.CEHLARIK","20172018","R","L",6,0.0786179491860548
"774","PETER.HOLLAND","20172018","R","C",23,0.179494244963621
"775","PETR.MRAZEK","20172018","R","G",39,7.68917336195836
"776","PHILIP.HOLM","20172018","R","D",1,3.42749608219194e-06
"777","PHILIPP.GRUBAUER","20172018","R","G",35,8.265585476955
"778","PHIL.KESSEL","20172018","R","C",82,12.1778733214215
"779","PHILLIP.DANAULT","20172018","R","L",52,2.30555585725174
"780","PHILLIP.DI GIUSEPPE","20172018","R","L",49,1.12016648297424
"781","PIERRE-EDOUARD.BELLEMARE","20172018","R","L",70,1.05325115288
"782","PIERRE-LUC.DUBOIS","20172018","R","L",82,5.73970052425854
"783","P.K..SUBBAN","20172018","R","D",82,5.40571476707778
"784","PONTUS.ABERG","20172018","R","L",53,0.965054564098598
"785","RADEK.FAKSA","20172018","R","C",79,4.43725877179827
"786","RADIM.VRBATA","20172018","R","R",42,0.89337219458963
"787","RADKO.GUDAS","20172018","R","D",70,0.842093164548762
"788","RASMUS.ANDERSSON","20172018","R","D",10,0.00754054063131433
"789","RASMUS.RISTOLAINEN","20172018","R","D",73,3.54584948839759
"790","REID.BOUCHER","20172018","R","C",20,0.966068311963766
"791","REILLY.SMITH","20172018","R","R",66,7.94165077311229
"792","REMI.ELIE","20172018","R","L",72,0.293201814293223
"793","RETO.BERRA","20172018","R","G",5,0.671648471423601
"794","RICHARD.PANIK","20172018","R","R",71,1.69574837640794
"795","RICKARD.RAKELL","20172018","R","R",77,10.0118855326286
"796","RICK.NASH","20172018","R","L",71,5.36126825228135
"797","RILEY.NASH","20172018","R","C",75,3.3938685559356
"798","RILEY.SHEAHAN","20172018","R","C",81,1.97595760997473
"799","RINAT.VALIEV","20172018","R","D",2,2.38594033844987e-05
"800","ROBERT.BORTUZZO","20172018","R","D",72,0.59918022427796
"801","ROBERT.HAGG","20172018","R","D",70,0.587594645457547
"802","ROBERTO.LUONGO","20172018","R","G",35,10.8729374096807
"803","ROBIN.LEHNER","20172018","R","G",53,8.7727073023442
"804","ROB.O'GARA","20172018","R","D",30,0.0134743591119056
"805","ROCCO.GRIMALDI","20172018","R","C",6,0.125162138254838
"806","ROLAND.MCKEOWN","20172018","R","D",10,0.0343857020650965
"807","ROMAN.JOSI","20172018","R","D",75,6.34803647085751
"808","ROMAN.POLAK","20172018","R","D",54,0.5862520198473
"809","RON.HAINSEY","20172018","R","D",79,1.22547210976893
"810","ROSS.JOHNSTON","20172018","R","L",24,0.0829454633333647
"811","RYAN.CALLAHAN","20172018","R","R",67,1.10493740349129
"812","RYAN.CARPENTER","20172018","R","C",51,2.09225332238169
"813","RYAN.DONATO","20172018","R","C",12,1.037414187477
"814","RYAN.DZINGEL","20172018","R","C",79,4.15455817743967
"815","RYAN.ELLIS","20172018","R","D",44,3.33881948910205
"816","RYAN.GETZLAF","20172018","R","C",56,7.14114590832502
"817","RYAN.HARTMAN","20172018","R","R",78,2.51602957782333
"818","RYAN.JOHANSEN","20172018","R","C",79,5.81688159820947
"819","RYAN.KESLER","20172018","R","C",44,2.3992478488944
"820","RYAN.LOMBERG","20172018","R","L",7,0.0010812600957704
"821","RYAN.MCDONAGH","20172018","R","D",63,1.71511960008729
"822","RYAN.MILLER","20172018","R","G",28,7.39086821361964
"823","RYAN.MURPHY","20172018","R","D",21,0.347008149383361
"824","RYAN.MURRAY","20172018","R","D",44,0.299285601069121
"825","RYAN.NUGENT-HOPKINS","20172018","R","C",62,5.24722296048795
"826","RYAN.O'REILLY","20172018","R","C",81,7.73882250729742
"827","RYAN.PULOCK","20172018","R","D",68,2.25903212941295
"828","RYAN.REAVES","20172018","R","R",78,1.10949153285156
"829","RYAN.SPOONER","20172018","R","C",59,3.31664719331331
"830","RYAN.SPROUL","20172018","R","D",16,0.0484663042182541
"831","RYAN.STROME","20172018","R","C",82,3.3607256870531
"832","RYAN.SUTER","20172018","R","D",78,4.20804290303334
"833","SAM.BENNETT","20172018","R","C",82,3.06295389431092
"834","SAM.GAGNER","20172018","R","C",72,2.2630892644793
"835","SAMI.NIKU","20172018","R","D",1,0.0332401956897229
"836","SAMI.VATANEN","20172018","R","D",72,2.66791586059002
"837","SAMMY.BLAIS","20172018","R","L",11,0.0554336674111095
"838","SAM.REINHART","20172018","R","C",82,6.00216107517939
"839","SAMUEL.GIRARD","20172018","R","D",73,0.691712673162503
"840","SAMUEL.MORIN","20172018","R","D",2,0.000568514035330674
"841","SCOTT.DARLING","20172018","R","G",43,5.60516695658538
"842","SCOTT.HARRINGTON","20172018","R","D",32,0.543673983809104
"843","SCOTT.HARTNELL","20172018","R","L",62,1.25811997198743
"844","SCOTTIE.UPSHALL","20172018","R","R",63,1.51557397286637
"845","SCOTT.LAUGHTON","20172018","R","L",81,0.849984937181391
"846","SCOTT.MAYFIELD","20172018","R","D",47,0.3367657009494
"847","SCOTT.WEDGEWOOD","20172018","R","G",20,3.03197569777419
"848","SCOTT.WILSON","20172018","R","C",68,1.30828370944028
"849","SEAN.COUTURIER","20172018","R","C",82,12.4224593249059
"850","SEAN.KURALY","20172018","R","C",74,1.72848290814204
"851","SEAN.MONAHAN","20172018","R","C",74,10.553445453212
"852","SEBASTIAN.AHO","20172018","R","R",78,9.13736895578008
"853","SEMYON.VARLAMOV","20172018","R","G",51,12.541962580257
"854","SERGEI.BOBROVSKY","20172018","R","G",65,19.3255832684592
"855","SETH.GRIFFITH","20172018","R","C",21,0.0267462689491986
"856","SETH.JONES","20172018","R","D",78,7.28800092364621
"857","SHANE.GERSICH","20172018","R","C",3,0.00155723486427632
"858","SHANE.PRINCE","20172018","R","C",14,0.0064321034749839
"859","SHAWN.MATTHIAS","20172018","R","C",27,0.0989266933428901
"860","SHAYNE.GOSTISBEHERE","20172018","R","D",78,4.85370877686033
"861","SHEA.THEODORE","20172018","R","D",60,2.65049602352937
"862","SHEA.WEBER","20172018","R","D",26,2.42987512668221
"863","SIDNEY.CROSBY","20172018","R","C",82,12.6758718373451
"864","SLATER.KOEKKOEK","20172018","R","D",35,0.672429157078078
"865","SONNY.MILANO","20172018","R","L",55,1.83977280916755
"866","SPENCER.FOO","20172018","R","R",4,0.163655884519176
"867","STEFAN.MATTEAU","20172018","R","C",8,0.00697157461684658
"868","STEFAN.NOESEN","20172018","R","R",72,3.29046864640464
"869","STEPHEN.JOHNS","20172018","R","D",75,1.65818885469436
"870","STEVE.BERNIER","20172018","R","R",4,0.00116517952880063
"871","STEVE.MASON","20172018","R","G",13,2.29456466039282
"872","STEVEN.FOGARTY","20172018","R","C",1,2.87008980286374e-05
"873","STEVEN.KAMPFER","20172018","R","D",22,0.0289502376126886
"874","STEVEN.SANTINI","20172018","R","D",36,0.542015905040779
"875","STEVEN.STAMKOS","20172018","R","C",78,10.5891707734997
"876","SVEN.ANDRIGHETTO","20172018","R","R",50,1.99211350962222
"877","SVEN.BAERTSCHI","20172018","R","L",52,2.71211503387673
"878","TAGE.THOMPSON","20172018","R","C",41,0.311596326146688
"879","TANNER.FRITZ","20172018","R","C",34,0.189939472938571
"880","TANNER.GLASS","20172018","R","L",16,0.00507781474451375
"881","TANNER.KERO","20172018","R","C",8,0.0133706712325733
"882","TANNER.PEARSON","20172018","R","L",82,3.66529895951568
"883","TAYLOR.CHORNEY","20172018","R","D",25,0.0609142782010603
"884","TAYLOR.FEDUN","20172018","R","D",7,0.0315818598113912
"885","TAYLOR.HALL","20172018","R","L",76,16.7303174205006
"886","TAYLOR.LEIER","20172018","R","L",39,0.0214187913505612
"887","TEUVO.TERAVAINEN","20172018","R","L",82,6.22083961871212
"888","THATCHER.DEMKO","20172018","R","G",1,0.039695627996698
"889","THOMAS.CHABOT","20172018","R","D",63,1.30252945246175
"890","THOMAS.GREISS","20172018","R","G",27,4.02839420753838
"891","THOMAS.HICKEY","20172018","R","D",69,0.570264640336092
"892","THOMAS.VANEK","20172018","R","L",79,5.33782628456283
"893","TIM.HEED","20172018","R","D",29,1.22202316107989
"894","TIMO.MEIER","20172018","R","R",80,4.83982822868652
"895","TIM.SCHALLER","20172018","R","C",81,1.16971348676908
"896","TJ.BRODIE","20172018","R","D",73,2.26617406588523
"897","T.J..OSHIE","20172018","R","R",74,5.42314726871413
"898","TOBIAS.ENSTROM","20172018","R","D",43,0.12109721512538
"899","TOBIAS.RIEDER","20172018","R","C",77,1.4477523677872
"900","TOMAS.HERTL","20172018","R","C",78,5.46291907276164
"901","TOMAS.HYKA","20172018","R","R",10,0.102050622142676
"902","TOMAS.JURCO","20172018","R","R",28,0.265226955162516
"903","TOMAS.NOSEK","20172018","R","L",65,1.04701013754238
"904","TOMAS.PLEKANEC","20172018","R","C",77,2.7768178656293
"905","TOMAS.TATAR","20172018","R","L",80,3.8328247661692
"906","TOM.KUHNHACKL","20172018","R","R",69,0.57075954127006
"907","TOMMY.WINGELS","20172018","R","C",75,1.74513288588346
"908","TOM.PYATT","20172018","R","C",81,0.933680494510173
"909","TOM.WILSON","20172018","R","R",78,4.92808250583316
"910","TONY.DEANGELO","20172018","R","D",32,0.0561405307493797
"911","TOREY.KRUG","20172018","R","D",75,7.12367131562477
"912","TORREY.MITCHELL","20172018","R","C",60,0.507166353355232
"913","TRAVIS.BOYD","20172018","R","C",8,0.00137059469754492
"914","TRAVIS.DERMOTT","20172018","R","D",37,0.949731274406897
"915","TRAVIS.HAMONIC","20172018","R","D",74,0.523995810551761
"916","TRAVIS.KONECNY","20172018","R","C",81,6.09519906497747
"917","TRAVIS.SANHEIM","20172018","R","D",49,0.621700638229665
"918","TRAVIS.ZAJAC","20172018","R","C",63,3.10357524550082
"919","TREVOR.CARRICK","20172018","R","D",1,7.78213377531256e-06
"920","TREVOR.DALEY","20172018","R","D",76,2.49940278843242
"921","TREVOR.LEWIS","20172018","R","C",68,2.39117864933781
"922","TREVOR.MURPHY","20172018","R","D",7,0.135663121656302
"923","TREVOR.VAN RIEMSDYK","20172018","R","D",79,0.753796031529077
"924","TRISTAN.JARRY","20172018","R","G",26,4.52567165667808
"925","TROY.BROUWER","20172018","R","R",76,0.813961897805543
"926","TROY.STECHER","20172018","R","D",67,0.794461970779436
"927","TROY.TERRY","20172018","R","C",2,0.000237347082467869
"928","TUCKER.POOLMAN","20172018","R","D",23,0.0226138589412078
"929","TUUKKA.RASK","20172018","R","G",54,12.4652927154207
"930","TYLER.BERTUZZI","20172018","R","L",48,1.5675436107571
"931","TYLER.BOZAK","20172018","R","C",80,3.46163460713619
"932","TYLER.ENNIS","20172018","R","C",73,1.94696890716738
"933","TYLER.GRAOVAC","20172018","R","C",5,0.00017149035217481
"934","TYLER.JOHNSON","20172018","R","C",81,5.80690836233437
"935","TYLER.MOTTE","20172018","R","C",46,0.41152525258383
"936","TYLER.MYERS","20172018","R","D",81,2.62320063659343
"937","TYLER.PITLICK","20172018","R","C",80,2.65210503199064
"938","TYLER.SEGUIN","20172018","R","C",82,15.0332358780973
"939","TYLER.TOFFOLI","20172018","R","C",82,6.87010672891343
"940","TY.RATTIE","20172018","R","R",14,1.03502419111679
"941","TYRELL.GOULBOURNE","20172018","R","L",9,0.000649720316394254
"942","TYSON.BARRIE","20172018","R","D",68,5.38548692732947
"943","TYSON.JOST","20172018","R","C",65,1.71032740920705
"944","VADIM.SHIPACHYOV","20172018","R","C",3,0.474559527381156
"945","VALENTIN.ZYKOV","20172018","R","L",10,0.939081728115798
"946","VALTTERI.FILPPULA","20172018","R","C",81,2.25080341712682
"947","VICTOR.ANTIPIN","20172018","R","D",47,0.303415298666582
"948","VICTOR.EJDSELL","20172018","R","C",5,0.000501569966865859
"949","VICTOR.HEDMAN","20172018","R","D",77,6.6425215467089
"950","VICTOR.METE","20172018","R","D",49,0.0753967693721719
"951","VICTOR.RASK","20172018","R","C",71,4.1557915453434
"952","VIKTOR.ARVIDSSON","20172018","R","L",78,8.15757347574106
"953","VINCE.DUNN","20172018","R","D",75,1.63884312069366
"954","VINCENT.TROCHECK","20172018","R","C",82,9.7793662799829
"955","VINNIE.HINOSTROZA","20172018","R","C",49,1.67385968222244
"956","VINNI.LETTIERI","20172018","R","C",19,0.089572705061363
"957","VLADIMIR.SOBOTKA","20172018","R","C",81,2.70506029602233
"958","VLADIMIR.TARASENKO","20172018","R","R",80,11.2453664042483
"959","VLADISLAV.KAMENEV","20172018","R","C",3,0.000195978781794939
"960","VLADISLAV.NAMESTNIKOV","20172018","R","C",81,4.80434836216363
"961","WADE.MEGAN","20172018","R","C",1,3.33704492783227e-05
"962","WARREN.FOEGELE","20172018","R","L",2,0.815459006855126
"963","WAYNE.SIMMONDS","20172018","R","R",75,6.0392256597537
"964","WILL.BUTCHER","20172018","R","D",81,1.43777112288514
"965","WILLIAM.CARRIER","20172018","R","L",36,0.0949870030754176
"966","WILLIAM.KARLSSON","20172018","R","C",80,12.8245703555403
"967","WILLIAM.NYLANDER","20172018","R","C",81,7.29231728637647
"968","WILL.O'NEILL","20172018","R","D",1,0.000109605634431347
"969","XAVIER.OUELLET","20172018","R","D",44,0.129004549048267
"970","YANNICK.WEBER","20172018","R","D",47,0.0539927353419054
"971","YANNI.GOURDE","20172018","R","C",82,6.59484792902827
"972","YOHANN.AUVITU","20172018","R","D",33,0.264350722705456
"973","ZAC.DALPE","20172018","R","C",12,0.00227754960982636
"974","ZACHARY.ASTON-REESE","20172018","R","C",2,0.000130591847189369
"975","ZACH.ASTON-REESE","20172018","R","C",14,1.33878347030359
"976","ZACH.BOGOSIAN","20172018","R","D",18,0.0344034968079941
"977","ZACH.HYMAN","20172018","R","C",81,3.64564953927781
"978","ZACH.PARISE","20172018","R","L",42,3.41072510232196
"979","ZACH.REDMOND","20172018","R","D",3,0.00406276498773025
"980","ZACH.TROTMAN","20172018","R","D",3,0.000570695268168067
"981","ZACH.WERENSKI","20172018","R","D",77,4.13956669967471
"982","ZACH.WHITECLOUD","20172018","R","D",1,0.000188904131148191
"983","ZACK.KASSIAN","20172018","R","R",74,0.823662324297792
"984","ZACK.MITCHELL","20172018","R","R",23,0.265021900210445
"985","ZACK.SMITH","20172018","R","C",68,1.31916874014203
"986","ZAC.RINALDO","20172018","R","C",52,0.473878638566819
"987","ZDENO.CHARA","20172018","R","D",72,3.31377115590449
"988","ZEMGUS.GIRGENSONS","20172018","R","C",71,0.811369615062373
